2014 Rank,Girls,GBirths,(2013 Rank),2014 Rank,Boys,BBirths,(2013 Rank)
1,Emma,20799,2,1,Noah,19144,1
2,Olivia,19674,3,2,Liam,18342,2
3,Sophia,18490,1,3,Mason,17092,4
4,Isabella,16950,4,4,Jacob,16712,3
5,Ava,15586,5,5,William,16687,5
6,Mia,13442,6,6,Ethan,15619,6
7,Emily,12562,7,7,Michael,15323,7
8,Abigail,11985,8,8,Alexander,15293,8
9,Madison,10247,9,9,James,14301,13
10,Charlotte,10048,11,10,Daniel,13829,10
11,Harper,9564,16,11,Elijah,13694,11
12,Sofia,9542,13,12,Benjamin,13687,14
13,Avery,9517,12,13,Logan,13579,17
14,Elizabeth,9492,10,14,Aiden,13296,12
15,Amelia,8727,17,15,Jayden,12878,9
16,Evelyn,8692,20,16,Matthew,12809,15
17,Ella,8489,15,17,Jackson,12121,16
18,Chloe,8469,14,18,David,12078,18
19,Victoria,7955,25,19,Lucas,12078,23
20,Aubrey,7589,18,20,Joseph,11995,20
21,Grace,7554,22,21,Anthony,11490,19
22,Zoey,7358,24,22,Andrew,11069,22
23,Natalie,7061,21,23,Samuel,10859,25
24,Addison,6950,19,24,Gabriel,10826,24
25,Lillian,6869,26,25,Joshua,10764,21
26,Brooklyn,6767,28,26,John,10600,27
27,Lily,6727,27,27,Carter,10599,32
28,Hannah,6512,23,28,Luke,10431,34
29,Layla,6428,30,29,Dylan,10350,28
30,Scarlett,5965,42,30,Christopher,10278,26
31,Aria,5893,40,31,Isaac,9868,29
32,Zoe,5828,31,32,Oliver,9365,52
33,Samantha,5680,29,33,Henry,9350,37
34,Anna,5639,35,34,Sebastian,9237,45
35,Leah,5563,33,35,Caleb,9143,33
36,Audrey,5531,32,36,Owen,9100,38
37,Ariana,5461,54,37,Ryan,9026,30
38,Allison,5440,34,38,Nathan,8902,31
39,Savannah,5433,37,39,Wyatt,8812,41
40,Arianna,5240,44,40,Hunter,8759,36
41,Camila,5194,39,41,Jack,8685,40
42,Penelope,5062,56,42,Christian,8388,35
43,Gabriella,5051,38,43,Landon,8180,39
44,Claire,4991,49,44,Jonathan,8035,42
45,Aaliyah,4850,36,45,Levi,7958,50
46,Sadie,4823,50,46,Jaxon,7635,46
47,Riley,4761,45,47,Julian,7611,47
48,Skylar,4732,73,48,Isaiah,7530,44
49,Nora,4708,83,49,Eli,7428,43
50,Sarah,4647,48,50,Aaron,7334,51
51,Hailey,4595,43,51,Charles,7269,57
52,Kaylee,4513,41,52,Connor,7195,56
53,Paisley,4473,80,53,Cameron,7013,59
54,Kennedy,4459,64,54,Thomas,6972,61
55,Ellie,4442,74,55,Jordan,6810,53
56,Peyton,4426,51,56,Jeremiah,6780,58
57,Annabelle,4324,81,57,Nicholas,6713,54
58,Caroline,4307,63,58,Evan,6667,55
59,Madelyn,4289,68,59,Adrian,6659,60
60,Serenity,4284,53,60,Gavin,6582,49
61,Aubree,4258,52,61,Robert,6572,62
62,Lucy,4257,66,62,Brayden,6539,48
63,Alexa,4227,60,63,Grayson,6532,78
64,Alexis,4188,46,64,Josiah,6376,69
65,Nevaeh,4188,47,65,Colton,6339,64
66,Stella,4165,70,66,Austin,6263,65
67,Violet,4156,69,67,Angel,6255,67
68,Genesis,4144,55,68,Jace,6254,66
69,Mackenzie,4122,62,69,Dominic,6205,68
70,Bella,4050,58,70,Kevin,5859,72
71,Autumn,4034,65,71,Brandon,5804,70
72,Mila,4033,78,72,Tyler,5785,63
73,Kylie,3928,61,73,Parker,5677,74
74,Maya,3904,72,74,Ayden,5586,71
75,Piper,3840,97,75,Jason,5510,79
76,Alyssa,3798,57,76,Jose,5442,76
77,Taylor,3782,59,77,Ian,5422,80
78,Eleanor,3704,106,78,Chase,5322,77
79,Melanie,3681,84,79,Adam,5293,82
80,Naomi,3677,87,80,Hudson,5199,87
81,Faith,3664,89,81,Nolan,5181,86
82,Eva,3651,88,82,Zachary,5137,73
83,Katherine,3651,77,83,Easton,4961,88
84,Lydia,3609,96,84,Blake,4913,75
85,Brianna,3582,71,85,Jaxson,4900,92
86,Julia,3578,75,86,Cooper,4803,84
87,Ashley,3539,67,87,Lincoln,4785,95
88,Khloe,3518,79,88,Xavier,4726,83
89,Madeline,3409,90,89,Bentley,4722,81
90,Ruby,3383,93,90,Kayden,4691,93
91,Sophie,3364,76,91,Carson,4580,90
92,Alexandra,3288,82,92,Brody,4297,94
93,London,3264,85,93,Asher,4279,104
94,Lauren,3072,91,94,Nathaniel,4257,91
95,Gianna,3061,86,95,Ryder,4073,103
96,Isabelle,3044,115,96,Justin,3991,85
97,Alice,3042,107,97,Leo,3936,112
98,Vivian,3040,119,98,Juan,3887,100
99,Hadley,2992,111,99,Luis,3879,96
100,Jasmine,2988,103,100,Camden,3872,99
101,Morgan,2984,100,101,Tristan,3872,97
102,Kayla,2982,95,102,Damian,3866,98
103,Cora,2945,127,103,Elias,3751,113
104,Bailey,2929,105,104,Vincent,3744,101
105,Kimberly,2883,101,105,Jase,3719,89
106,Reagan,2882,104,106,Mateo,3704,109
107,Hazel,2877,157,107,Maxwell,3703,108
108,Clara,2833,131,108,Miles,3639,115
109,Sydney,2831,98,109,Micah,3612,107
110,Trinity,2781,108,110,Sawyer,3571,120
111,Natalia,2778,120,111,Jesus,3504,106
112,Valentina,2769,129,112,Max,3468,111
113,Rylee,2753,109,113,Roman,3435,134
114,Jocelyn,2744,99,114,Leonardo,3431,131
115,Maria,2740,112,115,Santiago,3417,126
116,Aurora,2718,145,116,Cole,3404,114
117,Eliana,2708,125,117,Carlos,3402,105
118,Brielle,2638,116,118,Bryson,3397,102
119,Liliana,2624,122,119,Ezra,3372,143
120,Mary,2611,121,120,Brantley,3322,119
121,Elena,2598,132,121,Braxton,3320,122
122,Molly,2578,102,122,Declan,3299,121
123,Makayla,2559,94,123,Eric,3294,118
124,Lilly,2550,124,124,Kaiden,3247,123
125,Andrea,2543,110,125,Giovanni,3230,128
126,Quinn,2539,118,126,Theodore,3191,170
127,Jordyn,2533,133,127,Harrison,3184,161
128,Adalynn,2512,173,128,Alex,3159,110
129,Nicole,2511,92,129,Diego,3154,130
130,Delilah,2496,135,130,Wesley,3112,139
131,Kendall,2432,130,131,Bryce,3099,117
132,Kinsley,2429,161,132,Ivan,3059,137
133,Ariel,2419,146,133,Greyson,3022,149
134,Payton,2397,123,134,George,2988,157
135,Paige,2395,128,135,Timothy,2981,125
136,Mariah,2383,114,136,Weston,2944,163
137,Brooke,2375,113,137,Silas,2900,116
138,Willow,2373,155,138,Jonah,2878,135
139,Jade,2369,126,139,Antonio,2871,127
140,Lyla,2368,153,140,Colin,2869,124
141,Mya,2367,117,141,Richard,2857,140
142,Ximena,2323,162,142,Hayden,2851,129
143,Luna,2314,185,143,Ashton,2797,152
144,Isabel,2313,136,144,Steven,2778,136
145,Mckenzie,2303,140,145,Axel,2777,167
146,Ivy,2269,152,146,Miguel,2737,133
147,Josephine,2255,160,147,Kaleb,2734,138
148,Amy,2178,139,148,Bryan,2713,132
149,Laila,2133,144,149,Preston,2705,148
150,Isla,2122,167,150,Jayce,2696,146
151,Eden,2117,158,151,Ryker,2666,164
152,Adalyn,2105,177,152,Victor,2664,142
153,Angelina,2105,147,153,Patrick,2658,154
154,Londyn,2081,164,154,Joel,2641,144
155,Rachel,2051,138,155,Grant,2624,168
156,Melody,2048,171,156,Emmett,2623,173
157,Juliana,2045,149,157,Alejandro,2593,165
158,Kaitlyn,2044,134,158,Marcus,2592,160
159,Brooklynn,2043,142,159,Jameson,2575,181
160,Destiny,2043,137,160,Edward,2567,145
161,Emery,2026,194,161,Kingston,2566,190
162,Gracie,2021,166,162,Jude,2564,162
163,Norah,1994,186,163,Maddox,2554,169
164,Emilia,1989,208,164,Abel,2551,179
165,Reese,1960,156,165,Emmanuel,2548,171
166,Elise,1959,159,166,Bennett,2525,194
167,Sara,1949,154,167,Everett,2520,189
168,Aliyah,1947,148,168,Brian,2510,150
169,Margaret,1933,181,169,Jeremy,2506,159
170,Catherine,1923,172,170,Alan,2490,153
171,Vanessa,1913,150,171,Kaden,2440,151
172,Katelyn,1910,143,172,Jaden,2433,141
173,Gabrielle,1902,141,173,Riley,2429,156
174,Arabella,1894,210,174,Jesse,2424,158
175,Valeria,1882,176,175,King,2418,193
176,Valerie,1871,169,176,Tucker,2406,180
177,Adriana,1861,151,177,Kai,2387,199
178,Everly,1854,383,178,Kyle,2370,155
179,Jessica,1779,163,179,Malachi,2352,177
180,Daisy,1769,198,180,Abraham,2351,183
181,Makenzie,1766,165,181,Ezekiel,2347,186
182,Summer,1759,188,182,Calvin,2319,195
183,Lila,1758,192,183,Oscar,2309,178
184,Rebecca,1758,178,184,Bradley,2308,175
185,Julianna,1756,190,185,Luca,2291,202
186,Callie,1751,226,186,Avery,2269,196
187,Michelle,1737,168,187,Aidan,2265,147
188,Ryleigh,1735,189,188,Zayden,2209,192
189,Presley,1733,199,189,Mark,2161,184
190,Alaina,1729,180,190,Jake,2154,166
191,Angela,1722,196,191,Kenneth,2128,187
192,Alina,1706,251,192,Maximus,2118,200
193,Harmony,1704,201,193,Sean,2107,185
194,Rose,1678,224,194,Karter,2103,300
195,Athena,1677,218,195,Brady,2083,174
196,Emerson,1670,211,196,Nicolas,2060,191
197,Adelyn,1666,212,197,Cayden,2037,172
198,Alana,1664,182,198,Caden,2027,182
199,Hayden,1656,193,199,Graham,2026,203
200,Izabella,1653,179,200,Jayceon,2006,206
201,Cali,1652,282,201,Paul,1987,198
202,Marley,1643,209,202,Gage,1923,188
203,Esther,1638,228,203,Corbin,1910,217
204,Fiona,1636,197,204,Peter,1899,208
205,Stephanie,1630,195,205,Derek,1874,205
206,Cecilia,1623,223,206,Maverick,1862,273
207,Kate,1611,184,207,Jorge,1841,207
208,Kinley,1610,205,208,Tanner,1840,197
209,Jayla,1609,174,209,Jax,1836,223
210,Genevieve,1595,219,210,Peyton,1828,209
211,Alexandria,1589,207,211,Xander,1824,219
212,Eliza,1585,200,212,Amir,1809,216
213,Kylee,1580,170,213,Gael,1802,176
214,Alivia,1579,183,214,Omar,1795,204
215,Giselle,1573,203,215,Iker,1787,226
216,Arya,1544,277,216,Javier,1761,222
217,Alayna,1533,206,217,Elliot,1750,241
218,Leilani,1532,230,218,Jasper,1731,248
219,Adeline,1522,232,219,Rylan,1726,201
220,Jennifer,1514,191,220,Cody,1722,214
221,Tessa,1510,242,221,Dean,1700,238
222,Ana,1508,237,222,Andres,1696,212
223,Finley,1498,290,223,Collin,1688,211
224,Melissa,1496,202,224,Zane,1674,215
225,Daniela,1486,222,225,Charlie,1670,233
226,Aniyah,1479,217,226,Myles,1655,224
227,Daleyza,1461,585,227,Lorenzo,1628,237
228,Keira,1459,204,228,Beau,1622,270
229,Charlie,1432,240,229,Conner,1620,221
230,Lucia,1421,241,230,Lukas,1619,242
231,Hope,1412,233,231,Simon,1602,229
232,Gabriela,1403,221,232,Francisco,1591,218
233,Mckenna,1388,216,233,Elliott,1574,244
234,Brynlee,1387,269,234,Finn,1567,250
235,Parker,1386,267,235,Gunner,1564,239
236,Lola,1370,214,236,Garrett,1552,227
237,Amaya,1349,235,237,Jaiden,1552,213
238,Miranda,1348,245,238,Keegan,1547,249
239,Maggie,1344,231,239,Rowan,1531,295
240,Anastasia,1328,257,240,Israel,1523,245
241,Leila,1324,215,241,Griffin,1522,225
242,Lexi,1320,246,242,August,1520,319
243,Georgia,1319,252,243,Judah,1514,265
244,Kenzie,1317,255,244,Beckett,1511,279
245,Iris,1312,253,245,Brooks,1507,301
246,Jacqueline,1301,239,246,Zander,1507,230
247,Jordan,1300,260,247,Spencer,1506,251
248,Cassidy,1294,250,248,Chance,1501,240
249,Vivienne,1289,280,249,Damien,1496,228
250,Camille,1280,243,250,Seth,1490,231
251,Noelle,1280,296,251,Waylon,1486,292
252,Adrianna,1272,225,252,Travis,1480,232
253,Teagan,1272,264,253,Devin,1476,210
254,Josie,1269,265,254,Emiliano,1471,291
255,Juliette,1268,295,255,Zion,1471,236
256,Annabella,1265,274,256,Ricardo,1457,254
257,Allie,1263,220,257,Erick,1437,260
258,Juliet,1263,238,258,Stephen,1433,252
259,Kendra,1262,187,259,Reid,1425,259
260,Sienna,1255,263,260,Paxton,1422,262
261,Brynn,1253,213,261,Eduardo,1421,220
262,Kali,1247,363,262,Martin,1421,263
263,Maci,1235,236,263,Fernando,1393,253
264,Danielle,1233,261,264,Raymond,1386,264
265,Haley,1223,229,265,Manuel,1370,246
266,Jenna,1223,227,266,Jeffrey,1368,256
267,Raelynn,1222,283,267,Felix,1363,296
268,Delaney,1220,249,268,Dallas,1359,302
269,Paris,1218,258,269,Josue,1359,247
270,Alexia,1213,175,270,Mario,1355,255
271,Lyric,1210,276,271,Clayton,1349,258
272,Gemma,1205,316,272,Caiden,1346,272
273,Lilliana,1203,262,273,Cristian,1337,234
274,Chelsea,1191,271,274,Troy,1318,275
275,Angel,1179,266,275,Cash,1316,243
276,Evangeline,1177,300,276,Trevor,1312,235
277,Ayla,1169,286,277,Shane,1282,257
278,Kayleigh,1160,279,278,Kameron,1280,283
279,Lena,1156,331,279,Cesar,1279,261
280,Katie,1149,244,280,Emilio,1270,298
281,Elaina,1145,310,281,Andy,1263,293
282,Olive,1144,291,282,Tyson,1262,269
283,Madeleine,1138,278,283,Andre,1260,268
284,Makenna,1138,247,284,Donovan,1258,281
285,Dakota,1136,293,285,Titus,1246,316
286,Elsa,1131,528,286,Knox,1238,345
287,Nova,1121,529,287,River,1223,372
288,Nadia,1119,325,288,Kyler,1218,276
289,Alison,1115,297,289,Louis,1212,315
290,Kaydence,1111,275,290,Cruz,1211,278
291,Journey,1110,334,291,Hector,1209,277
292,Jada,1107,248,292,Holden,1208,287
293,Kathryn,1107,272,293,Rafael,1195,288
294,Shelby,1101,259,294,Landen,1192,271
295,Nina,1091,287,295,Lane,1189,303
296,Elliana,1089,294,296,Jared,1180,305
297,Diana,1088,270,297,Edwin,1179,282
298,Phoebe,1086,301,298,Messiah,1178,334
299,Alessandra,1078,299,299,Johnny,1176,267
300,Eloise,1074,338,300,Edgar,1175,286
301,Nyla,1074,312,301,Johnathan,1173,280
302,Skyler,1070,362,302,Alexis,1172,294
303,Madilyn,1067,343,303,Archer,1171,351
304,Adelynn,1058,367,304,Anderson,1155,304
305,Miriam,1057,292,305,Trenton,1143,266
306,Ashlyn,1055,254,306,Arthur,1138,323
307,Amiyah,1051,333,307,Sergio,1138,313
308,Megan,1051,256,308,Marco,1121,284
309,Amber,1049,288,309,Julius,1119,347
310,Rosalie,1047,348,310,Dominick,1118,274
311,Annie,1046,354,311,Milo,1109,314
312,Lilah,1044,307,312,Dalton,1103,311
313,Charlee,1043,324,313,Remington,1101,363
314,Amanda,1042,298,314,Dante,1100,289
315,Ruth,1042,329,315,Angelo,1098,307
316,Adelaide,1040,321,316,Gregory,1096,299
317,June,1039,364,317,Reed,1087,321
318,Laura,1038,322,318,Jaylen,1082,290
319,Daniella,1032,289,319,Marshall,1079,328
320,Mikayla,1026,268,320,Dawson,1073,320
321,Raegan,1019,305,321,Leon,1070,325
322,Jane,1018,355,322,Drew,1053,297
323,Ashlynn,1015,317,323,Shawn,1050,308
324,Kelsey,1014,306,324,Emerson,1048,329
325,Erin,1013,273,325,Fabian,1046,312
326,Christina,1012,303,326,Joaquin,1038,340
327,Joanna,1010,342,327,Walker,1034,369
328,Fatima,1009,308,328,Erik,1030,310
329,Allyson,1008,323,329,Desmond,1029,330
330,Talia,1006,351,330,Karson,1028,333
331,Mariana,1004,340,331,Emanuel,1015,322
332,Sabrina,1003,281,332,Jett,1014,324
333,Haven,1002,372,333,Ali,1005,350
334,Ainsley,998,332,334,Kendrick,1005,317
335,Cadence,998,311,335,Aden,991,309
336,Elsie,998,365,336,Frank,984,327
337,Leslie,994,284,337,Walter,977,342
338,Heaven,984,327,338,Rhett,975,425
339,Arielle,978,368,339,Colt,973,332
340,Maddison,977,356,340,Amari,970,337
341,Alicia,967,320,341,Romeo,962,339
342,Briella,967,346,342,Cohen,961,368
343,Lucille,966,359,343,Roberto,959,338
344,Sawyer,955,448,344,Maximiliano,956,354
345,Malia,948,335,345,Grady,953,348
346,Selena,947,345,346,Barrett,950,357
347,Heidi,944,353,347,Zaiden,948,335
348,Kyleigh,941,285,348,Drake,937,285
349,Harley,940,360,349,Gideon,928,370
350,Kira,939,357,350,Major,924,366
351,Lana,934,412,351,Brendan,911,326
352,Sierra,932,347,352,Skyler,911,306
353,Kiara,920,309,353,Derrick,904,331
354,Paislee,915,628,354,Pedro,902,344
355,Alondra,913,315,355,Phoenix,901,382
356,Daphne,913,397,356,Noel,892,383
357,Carly,909,318,357,Ruben,889,355
358,Jaylah,909,234,358,Braden,886,336
359,Kyla,909,319,359,Nehemiah,878,346
360,Bianca,901,302,360,Dakota,876,353
361,Baylee,896,344,361,Cade,875,376
362,Cheyenne,896,328,362,Kamden,869,352
363,Macy,887,361,363,Quinn,868,356
364,Camilla,883,399,364,Nash,867,464
365,Catalina,883,395,365,Kason,864,365
366,Gia,881,349,366,Ronan,858,434
367,Vera,881,422,367,Allen,849,349
368,Skye,880,427,368,Porter,849,385
369,Aylin,878,403,369,Enzo,847,410
370,Sloane,874,406,370,Atticus,846,404
371,Myla,873,339,371,Kash,832,408
372,Yaretzi,871,304,372,Jay,831,392
373,Giuliana,868,314,373,Adan,829,360
374,Macie,868,393,374,Finley,829,483
375,Veronica,864,337,375,Matteo,829,377
376,Esmeralda,862,392,376,Malik,828,341
377,Lia,855,385,377,Abram,823,375
378,Averie,852,378,378,Braylon,822,318
379,Addyson,851,313,379,Ace,818,498
380,Kamryn,850,375,380,Solomon,813,424
381,Mckinley,850,390,381,Gunnar,808,396
382,Ada,847,436,382,Clark,806,456
383,Carmen,846,358,383,Orion,806,399
384,Mallory,845,326,384,Ismael,805,400
385,Jillian,844,341,385,Kellan,803,367
386,Ariella,839,432,386,Brennan,802,343
387,Rylie,835,371,387,Corey,801,359
388,Sage,834,457,388,Tate,796,358
389,Abby,830,352,389,Philip,791,386
390,Scarlet,829,370,390,Thiago,791,485
391,Logan,828,425,391,Phillip,790,364
392,Tatum,828,330,392,Esteban,788,390
393,Bethany,824,389,393,Jayson,786,373
394,Dylan,822,489,394,Dexter,783,380
395,Elle,818,408,395,Jensen,783,437
396,Jazmin,817,384,396,Pablo,780,402
397,Aspen,812,487,397,Ronald,780,403
398,Camryn,810,382,398,Dillon,778,378
399,Malaysia,810,479,399,Muhammad,773,422
400,Haylee,807,336,400,Armando,770,397
401,Nayeli,805,396,401,Bruce,770,416
402,Gracelyn,799,407,402,Gerardo,770,393
403,Kamila,792,366,403,Brycen,764,374
404,Helen,791,409,404,Marcos,763,362
405,Marilyn,791,373,405,Kade,758,418
406,April,790,423,406,Kolton,756,381
407,Carolina,779,429,407,Damon,755,379
408,Amina,776,620,408,Braylen,752,361
409,Julie,776,404,409,Russell,752,432
410,Raelyn,776,414,410,Leland,748,388
411,Blakely,771,451,411,Milan,748,542
412,Rowan,770,426,412,Prince,748,451
413,Angelique,768,539,413,Gannon,747,843
414,Miracle,768,431,414,Enrique,744,387
415,Emely,764,417,415,Keith,744,394
416,Jayleen,764,391,416,Rory,741,459
417,Kennedi,764,443,417,Brock,739,384
418,Amira,762,463,418,Donald,730,415
419,Briana,761,350,419,Tobias,728,491
420,Gwendolyn,756,472,420,Chandler,724,429
421,Justice,756,435,421,Deacon,724,441
422,Zara,754,482,422,Cason,723,426
423,Aleah,752,394,423,Raul,720,409
424,Itzel,752,434,424,Ty,716,389
425,Bristol,749,418,425,Scott,714,428
426,Francesca,748,424,426,Landyn,712,414
427,Emersyn,742,500,427,Mohamed,711,445
428,Aubrie,738,374,428,Colby,706,401
429,Karina,736,386,429,Danny,704,391
430,Nylah,735,415,430,Leonel,704,461
431,Kelly,734,369,431,Kayson,699,533
432,Anaya,733,478,432,Warren,693,478
433,Maliyah,733,387,433,Adriel,691,470
434,Evelynn,731,547,434,Dustin,691,433
435,Ember,729,558,435,Taylor,691,371
436,Melany,729,454,436,Albert,690,421
437,Angelica,727,413,437,Ryland,690,407
438,Jimena,725,453,438,Hugo,689,438
439,Madelynn,725,400,439,Keaton,688,420
440,Kassidy,724,430,440,Jamison,685,460
441,Tiffany,724,433,441,Ari,677,419
442,Kara,723,376,442,Malcolm,675,444
443,Jazmine,722,381,443,Ellis,673,529
444,Jayda,721,380,444,Kellen,666,395
445,Dahlia,719,439,445,Maximilian,662,431
446,Alejandra,715,420,446,Davis,660,442
447,Sarai,710,419,447,Saul,659,439
448,Annabel,709,480,448,Tony,658,435
449,Holly,708,449,449,Rocco,652,423
450,Janelle,707,398,450,Zachariah,652,398
451,Braelyn,705,496,451,Jerry,650,450
452,Gracelynn,705,557,452,Julio,650,411
453,River,703,588,453,Franklin,649,495
454,Viviana,703,445,454,Arjun,648,501
455,Serena,696,411,455,Ibrahim,646,449
456,Brittany,694,421,456,Nico,644,484
457,Annalise,693,458,457,Jaxton,640,473
458,Brinley,692,504,458,Jakob,637,417
459,Madisyn,690,460,459,Izaiah,633,447
460,Eve,688,490,460,Moises,632,504
461,Cataleya,687,446,461,Cyrus,629,436
462,Joy,687,475,462,Lawrence,628,471
463,Caitlyn,686,405,463,Sullivan,628,505
464,Anabelle,681,461,464,Finnegan,625,462
465,Emmalyn,681,455,465,Khalil,623,466
466,Journee,675,506,466,Mathew,621,430
467,Celeste,674,469,467,Case,618,507
468,Brylee,670,437,468,Jaime,618,427
469,Luciana,670,515,469,Alec,616,453
470,Marlee,668,471,470,Pierce,616,463
471,Savanna,668,442,471,Quentin,610,406
472,Anya,667,444,472,Kasen,609,465
473,Marissa,667,379,473,Darius,607,412
474,Jazlyn,663,438,474,Colten,605,443
475,Zuri,660,526,475,Royce,601,519
476,Kailey,659,452,476,Odin,594,573
477,Crystal,657,464,477,Kane,590,541
478,Michaela,654,410,478,Francis,589,506
479,Lorelei,651,501,479,Raiden,589,526
480,Guadalupe,650,456,480,Trey,584,405
481,Madilynn,649,527,481,Daxton,583,560
482,Maeve,647,484,482,Gustavo,581,457
483,Hanna,645,377,483,Rhys,578,489
484,Priscilla,645,485,484,Alijah,577,509
485,Kyra,643,401,485,Lawson,574,511
486,Lacey,643,467,486,Beckham,573,523
487,Nia,642,507,487,Moses,573,468
488,Charley,634,513,488,Rodrigo,571,413
489,Jamie,633,491,489,Armani,570,486
490,Juniper,633,648,490,Uriel,570,482
491,Cynthia,630,499,491,Dennis,569,455
492,Karen,630,416,492,Marvin,567,499
493,Sylvia,630,505,493,Harvey,566,616
494,Phoenix,629,486,494,Kian,565,583
495,Aleena,628,534,495,Raylan,563,512
496,Caitlin,625,466,496,Darren,562,467
497,Felicity,620,579,497,Frederick,562,492
498,Elisa,617,465,498,Mohammed,561,555
499,Julissa,617,440,499,Trent,561,440
500,Rebekah,617,468,500,Jonas,558,488
501,Evie,615,559,501,Zayne,558,479
502,Helena,614,549,502,Callen,557,592
503,Imani,614,483,503,Matias,556,563
504,Karla,614,474,504,Mitchell,555,458
505,Millie,612,598,505,Kyrie,554,590
506,Lilian,611,495,506,Uriah,554,539
507,Raven,608,516,507,Tristen,548,452
508,Harlow,605,540,508,Sterling,545,581
509,Leia,605,571,509,Theo,542,666
510,Ryan,603,641,510,Larry,541,477
511,Kailyn,602,494,511,Randy,541,448
512,Lillie,601,511,512,Korbin,540,527
513,Amara,600,581,513,Alberto,537,474
514,Kadence,600,481,514,Chris,535,454
515,Lauryn,596,498,515,Gianni,535,532
516,Cassandra,593,459,516,Killian,535,766
517,Kaylie,590,450,517,Princeton,535,636
518,Madalyn,590,536,518,Arturo,534,510
519,Anika,589,560,519,Ricky,534,496
520,Hayley,588,542,520,Malakai,532,564
521,Bria,587,616,521,Aarav,531,530
522,Colette,587,608,522,Asa,531,554
523,Henley,587,831,523,Jimmy,531,481
524,Amari,585,512,524,Alfredo,524,503
525,Regina,583,574,525,Alonzo,524,500
526,Alanna,582,503,526,Benson,524,577
527,Azalea,582,631,527,Braydon,522,472
528,Fernanda,582,510,528,Devon,522,446
529,Jaliyah,582,493,529,Curtis,520,476
530,Anabella,581,564,530,Casey,519,490
531,Adelina,580,619,531,Justice,518,475
532,Lilyana,580,514,532,Roy,517,524
533,Skyla,580,543,533,Sam,516,552
534,Addisyn,577,402,534,Legend,515,719
535,Zariah,576,522,535,Dorian,513,544
536,Bridget,574,523,536,Nikolai,513,586
537,Braylee,572,567,537,Kobe,512,494
538,Monica,572,502,538,Winston,512,625
539,Jayden,569,447,539,Arlo,511,677
540,Leighton,568,541,540,Reece,511,518
541,Gloria,566,525,541,Lance,505,570
542,Johanna,564,531,542,Wade,505,546
543,Addilyn,563,636,543,Cannon,504,547
544,Danna,563,470,544,Augustus,499,688
545,Selah,563,548,545,Hayes,498,608
546,Aryanna,561,537,546,Hendrix,498,745
547,Kaylin,561,462,547,Isaias,498,536
548,Aniya,560,508,548,Neymar,498,646
549,Willa,559,691,549,Ahmed,497,521
550,Angie,558,497,550,Jaxen,496,493
551,Kaia,558,605,551,Nasir,496,517
552,Kaliyah,557,517,552,Brayan,495,508
553,Anne,556,519,553,Issac,495,469
554,Tiana,556,545,554,Ronin,494,773
555,Charleigh,555,569,555,Talon,494,497
556,Winter,553,673,556,Boston,493,567
557,Danica,550,555,557,Moshe,493,553
558,Alayah,548,613,558,Orlando,491,562
559,Aisha,543,568,559,Vihaan,491,593
560,Bailee,543,520,560,Gary,490,578
561,Kenley,542,544,561,Bowen,489,589
562,Aileen,540,590,562,Luka,489,585
563,Lexie,540,492,563,Nikolas,489,514
564,Janiyah,538,477,564,Yahir,489,480
565,Braelynn,537,625,565,Joe,488,556
566,Liberty,537,532,566,Leonidas,488,701
567,Katelynn,535,488,567,Quinton,488,548
568,Mariam,535,603,568,Luciano,486,594
569,Sasha,535,428,569,Ezequiel,485,561
570,Lindsey,534,572,570,Ayaan,484,627
571,Montserrat,533,1166,571,Ahmad,483,568
572,Cecelia,530,552,572,Jalen,482,502
573,Mikaela,530,618,573,Royal,482,899
574,Kaelyn,529,441,574,Jamari,481,537
575,Rosemary,529,533,575,Noe,481,605
576,Annika,528,524,576,Kieran,480,557
577,Tatiana,526,538,577,Mauricio,480,522
578,Cameron,524,566,578,Conor,479,572
579,Marie,523,573,579,Johan,477,531
580,Dallas,522,610,580,Matthias,475,610
581,Virginia,519,551,581,Bryant,472,549
582,Liana,517,565,582,Mathias,472,634
583,Matilda,517,645,583,Maurice,472,528
584,Freya,512,908,584,Roger,472,558
585,Lainey,511,584,585,Lennox,469,678
586,Hallie,509,521,586,Nathanael,469,565
587,Jessie,504,591,587,Nixon,469,587
588,Audrina,500,476,588,Mohammad,468,575
589,Blake,499,550,589,Yusuf,468,606
590,Hattie,497,570,590,Eddie,463,604
591,Monserrat,496,1165,591,Kristopher,462,538
592,Kiera,494,626,592,Tatum,462,545
593,Laylah,493,627,593,Jacoby,461,487
594,Greta,492,595,594,Wilson,459,633
595,Alyson,491,576,595,Alvin,457,571
596,Emilee,490,518,596,Raphael,455,597
597,Maryam,490,662,597,Lewis,453,640
598,Melina,489,587,598,Douglas,452,540
599,Dayana,488,546,599,Mekhi,452,513
600,Jaelynn,487,596,600,Salvador,448,584
601,Beatrice,482,593,601,Eden,447,643
602,Frances,481,693,602,Hank,446,626
603,Elisabeth,479,609,603,Cullen,445,574
604,Saige,478,649,604,Dax,441,642
605,Kensley,477,632,605,Toby,441,550
606,Meredith,475,654,606,Rayan,439,670
607,Aranza,473,4217,607,Emmitt,438,622
608,Rosa,473,656,608,Lucian,437,631
609,Shiloh,472,633,609,Jefferson,435,609
610,Charli,471,711,610,Casen,433,685
611,Elyse,471,578,611,London,433,607
612,Alani,470,614,612,Roland,433,665
613,Mira,469,665,613,Carl,431,580
614,Lylah,467,635,614,Crosby,431,649
615,Linda,466,643,615,Bodhi,430,810
616,Whitney,463,592,616,Dominik,429,569
617,Alena,462,729,617,Niko,428,588
618,Jaycee,461,554,618,Zackary,427,566
619,Joselyn,460,473,619,Deandre,425,576
620,Ansley,459,678,620,Hamza,425,655
621,Kynlee,459,696,621,Remy,424,753
622,Miah,459,586,622,Quincy,422,603
623,Tenley,457,563,623,Alessandro,421,630
624,Breanna,454,509,624,Sincere,420,617
625,Emelia,454,646,625,Dane,419,551
626,Maia,454,639,626,Terry,418,595
627,Edith,452,719,627,Otto,416,696
628,Pearl,451,677,628,Samson,416,671
629,Anahi,450,577,629,Madden,415,613
630,Coraline,450,714,630,Jasiah,414,658
631,Samara,450,583,631,Layne,414,615
632,Demi,449,732,632,Santino,414,637
633,Chanel,448,723,633,Rohan,412,601
634,Kimber,447,659,634,Abdullah,411,652
635,Lilith,447,826,635,Brentley,409,657
636,Malaya,446,630,636,Marc,409,648
637,Jemma,445,653,637,Skylar,409,543
638,Myra,444,771,638,Bo,408,735
639,Bryanna,443,699,639,Kyson,408,702
640,Laney,443,676,640,Soren,408,656
641,Jaelyn,442,580,641,Harley,407,621
642,Kaylynn,442,601,642,Nelson,407,582
643,Kallie,440,737,643,Layton,406,717
644,Natasha,439,582,644,Payton,406,525
645,Nathalie,439,553,645,Aldo,405,534
646,Perla,439,668,646,Atlas,404,789
647,Amani,437,589,647,Ramon,404,598
648,Lilianna,437,692,648,Reese,403,602
649,Madalynn,436,617,649,Conrad,402,691
650,Blair,435,718,650,Morgan,402,662
651,Elianna,434,706,651,Ernesto,400,628
652,Karsyn,433,736,652,Byron,399,516
653,Lindsay,433,685,653,Carmelo,399,515
654,Elaine,432,767,654,Sage,399,736
655,Dulce,431,556,655,Neil,397,623
656,Ellen,431,700,656,Kristian,396,618
657,Erica,431,562,657,Oakley,394,771
658,Maisie,431,1124,658,Tomas,390,689
659,Renata,431,774,659,Flynn,388,664
660,Kiley,430,530,660,Lionel,387,733
661,Marina,430,600,661,Kylan,386,673
662,Remi,429,835,662,Leonard,384,687
663,Emmy,428,647,663,Rex,384,632
664,Ivanna,426,823,664,Brett,383,672
665,Amirah,425,810,665,Jeffery,383,629
666,Livia,425,749,666,Duke,382,718
667,Amelie,424,604,667,Sylas,381,520
668,Irene,424,640,668,Callan,379,785
669,Mabel,424,707,669,Tripp,378,639
670,Milan,424,597,670,Bruno,377,647
671,Armani,422,683,671,Zechariah,377,680
672,Cara,421,621,672,Melvin,376,620
673,Ciara,418,650,673,Branson,375,674
674,Kathleen,418,664,674,Blaine,374,579
675,Jaylynn,416,622,675,Jon,374,638
676,Caylee,415,594,676,Julien,374,619
677,Lea,415,599,677,Arian,372,535
678,Erika,414,611,678,Guillermo,372,686
679,Paola,413,671,679,Zain,372,663
680,Alma,412,701,680,Rayden,370,747
681,Courtney,412,535,681,Brodie,369,703
682,Mae,412,674,682,Crew,367,732
683,Kassandra,410,709,683,Memphis,367,635
684,Maleah,410,606,684,Kelvin,365,611
685,Remington,410,1036,685,Stanley,365,679
686,Leyla,409,623,686,Joey,364,644
687,Mina,408,753,687,Emery,361,741
688,Ariah,407,716,688,Terrance,359,612
689,Christine,407,705,689,Channing,358,559
690,Jasmin,407,642,690,Edison,358,659
691,Kora,407,758,691,Lennon,358,769
692,Chaya,406,704,692,Demetrius,357,596
693,Karlee,406,612,693,Amos,356,778
694,Lailah,405,687,694,Cayson,356,825
695,Mara,404,751,695,Rodney,355,624
696,Jaylee,402,652,696,Cory,353,650
697,Raquel,402,690,697,Elian,352,744
698,Siena,401,688,698,Xzavier,350,599
699,Lennon,399,923,699,Bronson,349,675
700,Desiree,398,629,700,Bentlee,348,614
701,Hadassah,398,761,701,Lee,348,668
702,Kenya,398,602,702,Dayton,345,700
703,Aliana,397,681,703,Chad,344,667
704,Wren,397,807,704,Cassius,343,760
705,Amiya,396,637,705,Jagger,342,698
706,Isis,396,575,706,Fletcher,340,790
707,Zaniyah,396,779,707,Omari,340,730
708,Avah,393,785,708,Alonso,339,684
709,Amia,392,988,709,Yosef,339,709
710,Cindy,391,789,710,Westin,338,695
711,Eileen,391,748,711,Brenden,337,591
712,Kayden,391,762,712,Makai,337,693
713,Madyson,391,660,713,Felipe,335,724
714,Celine,389,780,714,Harry,335,707
715,Aryana,388,746,715,Alden,334,704
716,Everleigh,388,865,716,Maxim,334,729
717,Isabela,387,667,717,Nickolas,334,645
718,Reyna,386,725,718,Davion,332,654
719,Teresa,386,657,719,Forrest,332,841
720,Jolene,385,926,720,Allan,331,653
721,Marjorie,385,910,721,Enoch,331,836
722,Myah,385,655,722,Willie,331,708
723,Clare,383,727,723,Ben,329,749
724,Claudia,383,661,724,Terrence,329,712
725,Leanna,382,698,725,Tommy,329,661
726,Noemi,382,743,726,Adonis,327,697
727,Corinne,381,739,727,Cain,327,784
728,Simone,381,675,728,Harper,327,660
729,Alia,380,724,729,Callum,325,787
730,Brenda,380,634,730,Jermaine,325,738
731,Dorothy,380,808,731,Kody,324,727
732,Emilie,380,561,732,Thaddeus,324,797
733,Elin,379,815,733,Ray,323,676
734,Tori,378,697,734,Kamari,322,725
735,Martha,377,803,735,Aydin,321,705
736,Ally,376,607,736,Zeke,321,858
737,Arely,376,717,737,Markus,320,796
738,Leona,376,734,738,Ariel,319,758
739,Patricia,376,680,739,Elisha,319,694
740,Sky,376,887,740,Lucca,319,829
741,Thalia,375,848,741,Marcelo,319,808
742,Carolyn,374,791,742,Shaun,319,714
743,Emory,373,799,743,Aryan,317,692
744,Nataly,373,624,744,Vicente,317,734
745,Paityn,373,666,745,Aron,315,715
746,Shayla,373,672,746,Keagan,314,699
747,Averi,372,730,747,Marlon,314,711
748,Jazlynn,372,679,748,Langston,313,957
749,Margot,372,944,749,Ulises,313,806
750,Lisa,371,773,750,Anders,312,891
751,Lizbeth,370,702,751,Kareem,312,681
752,Nancy,369,689,752,Bobby,311,669
753,Deborah,368,814,753,Davian,310,768
754,Ivory,368,866,754,Kendall,310,651
755,Khaleesi,368,1021,755,Ronnie,310,743
756,Elliot,367,842,756,Jadiel,309,777
757,Meadow,367,971,757,Samir,309,770
758,Yareli,367,658,758,Alexzander,308,748
759,Farrah,366,615,759,Hassan,308,822
760,Milania,366,796,760,Kingsley,308,926
761,Janessa,365,695,761,Axton,307,859
762,Milana,365,772,762,Trace,307,641
763,Zoie,363,663,763,Will,307,740
764,Adele,362,644,764,Jamal,305,754
765,Clarissa,362,708,765,Valentino,305,706
766,Hunter,362,930,766,Yousef,305,849
767,Lina,362,862,767,Brecken,304,877
768,Oakley,362,928,768,Fisher,302,862
769,Sariah,362,669,769,Giovani,302,742
770,Emmalynn,361,840,770,Kaysen,302,934
771,Galilea,361,794,771,Maxton,300,818
772,Hailee,361,721,772,Mayson,300,780
773,Halle,361,694,773,Van,300,840
774,Sutton,361,832,774,Hezekiah,297,889
775,Giana,359,684,775,Blaze,296,716
776,Thea,359,1139,776,Kolten,296,828
777,Denise,358,760,777,Misael,296,801
778,Naya,358,1023,778,Javon,295,746
779,Kristina,357,770,779,Kolby,295,752
780,Liv,357,927,780,Rogelio,295,737
781,Nathaly,357,811,781,Ares,294,904
782,Wendy,357,703,782,Jedidiah,294,872
783,Aubrielle,355,829,783,Bode,293,1454
784,Brenna,355,682,784,Leandro,293,786
785,Carter,355,859,785,Cedric,292,814
786,Danika,355,752,786,Jamie,292,767
787,Monroe,354,763,787,Rowen,292,970
788,Celia,353,765,788,Urijah,292,755
789,Dana,353,728,789,Wayne,291,765
790,Jolie,353,769,790,Eugene,289,779
791,Taliyah,353,812,791,Kole,288,728
792,Casey,352,726,792,Camron,287,750
793,Miley,352,388,793,Darian,287,775
794,Yamileth,352,802,794,Billy,286,690
795,Jaylene,351,722,795,Kase,286,830
796,Saylor,350,906,796,Rene,286,772
797,Joyce,349,824,797,Duncan,285,821
798,Milena,349,843,798,Adrien,284,795
799,Zariyah,349,775,799,Alfred,284,967
800,Sandra,348,766,800,Maison,284,942
801,Ariadne,347,1224,801,Apollo,283,969
802,Aviana,346,884,802,Braeden,283,710
803,Mollie,346,710,803,Mack,283,812
804,Cherish,345,781,804,Clyde,282,999
805,Alaya,344,797,805,Reginald,282,683
806,Asia,344,741,806,Anson,281,968
807,Nola,342,786,807,Jerome,281,762
808,Penny,342,993,808,Ishaan,280,804
809,Dixie,341,876,809,Jessie,280,720
810,Marisol,341,792,810,Javion,279,817
811,Adrienne,339,776,811,Micheal,278,682
812,Rylan,339,816,812,Vincenzo,278,781
813,Kori,338,943,813,Camdyn,277,871
814,Kristen,338,713,814,Gauge,277,739
815,Aimee,337,756,815,Keenan,277,949
816,Esme,337,929,816,Gerald,275,726
817,Laurel,337,873,817,Franco,274,888
818,Aliza,336,931,818,Junior,274,763
819,Roselyn,336,821,819,Justus,274,811
820,Sloan,336,867,820,Jamir,273,807
821,Lorelai,335,800,821,Marley,273,876
822,Jenny,334,804,822,Terrell,273,721
823,Katalina,334,870,823,Giancarlo,272,776
824,Lara,334,872,824,Braiden,271,759
825,Amya,332,638,825,Brantlee,271,884
826,Ayleen,332,747,826,Draven,271,803
827,Aubri,331,849,827,Titan,271,908
828,Ariya,330,918,828,Harold,270,893
829,Carlee,330,744,829,Landry,270,764
830,Iliana,330,787,830,Zayn,270,900
831,Magnolia,330,981,831,Briggs,269,910
832,Aurelia,329,833,832,Kyree,269,757
833,Elliott,329,904,833,Chaim,268,731
834,Evalyn,329,934,834,Dilan,268,880
835,Natalee,329,686,835,Joziah,268,894
836,Rayna,329,740,836,Marquis,268,800
837,Heather,328,837,837,Jonathon,265,792
838,Collins,327,1000,838,Azariah,264,834
839,Estrella,326,651,839,Kenny,264,793
840,Rory,326,903,840,Amare,263,600
841,Hana,325,768,841,Brent,263,783
842,Kenna,325,997,842,Clay,263,722
843,Jordynn,324,809,843,Stetson,263,950
844,Rosie,324,883,844,Tyrone,263,794
845,Aiyana,323,733,845,Blaise,262,912
846,America,323,777,846,Dariel,262,1010
847,Angeline,323,853,847,Lamar,262,713
848,Janiya,323,790,848,Reuben,262,898
849,Jessa,323,1188,849,Alfonso,261,782
850,Tegan,323,851,850,Axl,261,1466
851,Susan,321,844,851,Stefan,260,835
852,Emmalee,320,778,852,Finnley,259,1057
853,Taryn,320,738,853,Marcel,259,799
854,Temperance,320,892,854,Jaydon,258,756
855,Alissa,319,731,855,Kalel,257,965
856,Kenia,319,864,856,Triston,257,761
857,Abbigail,318,745,857,Darrell,256,788
858,Briley,318,764,858,Steve,256,874
859,Kailee,318,735,859,Abdiel,255,802
860,Zaria,318,813,860,Lyric,255,805
861,Chana,316,788,861,Gibson,254,823
862,Lillianna,316,750,862,Thatcher,254,992
863,Barbara,315,838,863,Henrik,253,1061
864,Carla,315,858,864,Jadon,253,868
865,Aliya,314,754,865,Jairo,253,791
866,Bonnie,313,1053,866,Rudy,253,813
867,Keyla,313,805,867,Castiel,252,956
868,Marianna,313,901,868,Emory,252,896
869,Paloma,312,755,869,Hugh,251,915
870,Jewel,311,899,870,Konnor,250,832
871,Joslyn,311,720,871,Graysen,249,1029
872,Saniyah,311,827,872,Cristiano,247,947
873,Audriana,310,939,873,Deshawn,247,819
874,Giovanna,310,962,874,Eliezer,247,1032
875,Hadleigh,310,1054,875,Kamdyn,247,869
876,Mckayla,310,715,876,Miller,247,943
877,Jaida,309,782,877,Rylee,247,946
878,Salma,309,822,878,Tristian,247,774
879,Sharon,309,882,879,Agustin,246,1008
880,Emmaline,308,961,880,Ernest,246,933
881,Kimora,308,783,881,Dwayne,245,723
882,Wynter,307,949,882,Dimitri,244,1028
883,Avianna,306,920,883,Ford,244,1050
884,Amalia,305,932,884,Rey,244,914
885,Karlie,305,905,885,Zavier,244,798
886,Kaidence,304,979,886,Arnav,242,901
887,Kairi,304,855,887,Santana,242,971
888,Libby,304,895,888,Vance,242,866
889,Sherlyn,304,670,889,Jamarion,241,751
890,Diamond,303,712,890,Ramiro,241,864
891,Holland,302,1158,891,Sonny,241,846
892,Zendaya,302,1305,892,Brice,240,847
893,Mariyah,301,784,893,Leighton,240,1045
894,Zainab,301,967,894,Gilbert,239,885
895,Alisha,300,869,895,Jordyn,239,844
896,Ayanna,300,830,896,Kaeden,238,923
897,Ellison,300,946,897,Anton,237,1021
898,Harlee,300,942,898,Coen,237,1191
899,Lilyanna,300,919,899,Salvatore,237,883
900,Bryleigh,299,839,900,Seamus,237,865
901,Julianne,299,819,901,Zaire,237,935
902,Kaleigh,299,850,902,Aaden,236,981
903,Miya,299,877,903,Chevy,236,1026
904,Yasmin,299,818,904,Lachlan,236,991
905,Anniston,298,1156,905,Rolando,236,845
906,Estelle,298,978,906,Aydan,235,850
907,Emmeline,297,1026,907,Darwin,235,826
908,Faye,297,1010,908,Randall,235,833
909,Kiana,296,795,909,Santos,235,873
910,Anabel,295,900,910,Yael,235,867
911,Zion,295,820,911,Grey,234,979
912,Tara,294,912,912,Kohen,234,954
913,Astrid,293,989,913,Rashad,234,870
914,Emerie,293,940,914,Jayse,233,974
915,Sidney,292,911,915,Lochlan,233,938
916,Zahra,292,897,916,Mustafa,233,895
917,Jaylin,291,742,917,Johnathon,232,852
918,Kinslee,291,1123,918,Kannon,232,985
919,Tabitha,291,759,919,Konner,232,831
920,Aubriella,290,1002,920,Jovani,231,920
921,Addilynn,289,1066,921,Maximo,231,839
922,Alyvia,289,806,922,Alvaro,230,842
923,Hadlee,289,889,923,Clinton,230,924
924,Ingrid,289,893,924,Aidyn,229,919
925,Lilia,289,909,925,Kymani,229,837
926,Macey,289,921,926,Davin,228,809
927,Azaria,287,913,927,Jordy,228,984
928,Kaitlynn,287,841,928,Ephraim,226,972
929,Neriah,287,954,929,Frankie,226,816
930,Annabell,286,958,930,Heath,226,863
931,Ariyah,286,845,931,Houston,226,973
932,Janae,286,828,932,Kamron,226,931
933,Kaiya,286,973,933,Craig,225,815
934,Reina,286,1094,934,Cristopher,224,855
935,Rivka,286,957,935,Gordon,224,1024
936,Alisa,285,1052,936,Harlan,224,856
937,Marleigh,285,970,937,Turner,224,886
938,Alisson,284,950,938,Vaughn,224,857
939,Maliah,284,793,939,Vivaan,224,1113
940,Mercy,284,854,940,Ameer,223,905
941,Noa,284,1012,941,Gavyn,223,903
942,Scarlette,284,874,942,Gino,223,940
943,Clementine,283,1100,943,Jovanni,223,861
944,Frida,283,1213,944,Benton,222,916
945,Ann,282,916,945,Rodolfo,222,907
946,Sonia,282,863,946,Dominique,221,838
947,Alannah,281,861,947,Jaycob,221,953
948,Avalynn,281,1182,948,Jericho,221,930
949,Dalia,281,1046,949,Augustine,220,955
950,Ayva,280,1226,950,Coleman,220,848
951,Stevie,280,1113,951,Dash,220,1144
952,Judith,279,996,952,Eliseo,220,1013
953,Paulina,279,825,953,Khalid,220,1080
954,Azariah,278,1104,954,Quintin,220,853
955,Estella,278,888,955,Makhi,219,927
956,Remy,278,1125,956,Zaid,219,890
957,Gwen,277,947,957,Anakin,218,1234
958,Mattie,277,1038,958,Baylor,218,1036
959,Milani,277,1090,959,Emmet,218,1076
960,Raina,277,894,960,Judson,218,1020
961,Julieta,276,1136,961,Truman,218,951
962,Renee,276,902,962,Camilo,217,994
963,Lesly,275,834,963,Efrain,217,925
964,Abrielle,274,945,964,Semaj,217,854
965,Bryn,274,798,965,Camren,216,887
966,Carlie,274,871,966,Damari,216,1027
967,Riya,274,1007,967,Kamryn,216,878
968,Karter,273,1377,968,Deangelo,215,892
969,Abril,272,868,969,Giovanny,215,917
970,Aubrianna,272,817,970,Mike,215,881
971,Jocelynn,271,801,971,Dario,214,989
972,Kylah,271,963,972,Kale,214,827
973,Louisa,271,1022,973,Broderick,213,998
974,Pyper,271,1035,974,Jayvion,213,1069
975,Antonia,270,1030,975,Kaison,213,1049
976,Magdalena,270,1138,976,Koen,213,1052
977,Moriah,270,948,977,Magnus,213,958
978,Ryann,270,994,978,Darien,212,1000
979,Tamia,270,956,979,Teagan,212,929
980,Kailani,269,964,980,Valentin,212,879
981,Landry,269,1063,981,Bodie,211,1309
982,Aya,268,1045,982,Brayson,211,1064
983,Ireland,268,984,983,Chace,211,875
984,Mercedes,268,860,984,Kylen,209,1127
985,Rosalyn,268,1240,985,Yehuda,209,1068
986,Alaysia,267,987,986,Bridger,208,909
987,Annalee,267,933,987,Howard,208,1017
988,Patience,267,891,988,Maddux,208,1157
989,Aanya,266,1070,989,Osvaldo,208,959
990,Paula,266,847,990,Rocky,208,997
991,Samiyah,266,880,991,Ayan,207,1074
992,Yaritza,266,852,992,Boden,207,1179
993,Cordelia,264,1194,993,Foster,207,937
994,Micah,264,878,994,Jair,207,820
995,Nala,264,1064,995,Reyansh,207,1218
996,Belen,263,898,996,Tyree,207,962
997,Cambria,263,1004,997,Ean,206,851
998,Natalya,263,976,998,Leif,205,1006
999,Kaelynn,262,1005,999,Reagan,205,960
1000,Kai,262,915,1000,Rylen,205,1083
